{
    "shop": {
        "currency": "USD",
        "language": "en",
        "weightUnit": "kg"
    },
    "catalog": {
        "product": {
            "image": {
                "thumbnail": {
                    "width": 100,
                    "height": 100
                },
                "listing": {
                    "width": 300,
                    "height": 300
                },
                "single": {
                    "width": 500,
                    "height": 500
                },
                "placeHolder": "/default/image/placeholder.png"
            }
        },
        "showOutOfStockProduct": false
    },
    "checkout": {
        "allowCountries": [
            "US",
            "VN"
        ],
        "shippingRate": [
            {
                "condition": {},
                "destimation": [
                    "*"
                ],
                "rate": 10
            }
        ]
    },
    "order": {
        "shipmentStatus": [
            {
                "name": "Unfullfilled",
                "code": "unfullfilled",
                "badge": "warning",
                "progress": "incomplete"
            },
            {
                "name": "Fullfilled",
                "code": "fullfilled",
                "badge": "success",
                "progress": "complete"
            }
        ],
        "paymentStatus": [
            {
                "name": "Pending",
                "code": "pending",
                "badge": "default",
                "progress": "incomplete"
            },
            {
                "name": "Paid",
                "code": "paid",
                "badge": "success",
                "progress": "complete"
            },
            {
                "name": "Refunded",
                "code": "refunded",
                "badge": "critical",
                "progress": "complete"
            }
        ]
    },
    "customer": {
        "address": {
            "full_name": {
                "type": "text",
                "title": "Full name",
                "validarionRules": [
                    "notEmpty"
                ]
            }
        }
    },
    "system": {
        "database": {
            "host": "localhost",
            "port": "5432",
            "database": "tester",
            "user": "postgres",
            "password": "12345678"
        }
    }
}